Workbook

Sheet Social_hebdo
A1: semaine_iso | B1: lundi | C1: type | D1: canal | E1: publications | F1: impressions | G1: reach | H1: abonnes | I1: engagements | J1: taux_engagement | K1: clics | L1: visites_pilote | M1: note | O1: semaine (graphiques) | P1: abonnes - LinkedIn page | Q1: abonnes - LinkedIn profils | R1: abonnes - Instagram | S1: impressions - LinkedIn page | T1: impressions - LinkedIn profils | U1: impressions - Instagram
A2: 2026-S42 | B2: 46307 | C2: baseline | D2: LinkedIn page | J2: =IF(AND(ISNUMBER(F2),F2>0,ISNUMBER(I2)),I2/F2,"") | M2: Baseline relevée le 15/10/2026 (à relever) | O2: 2026-S42 | P2: =IF(COUNTIFS($A$2:$A$64,$O2,$D$2:$D$64,"LinkedIn page",$H$2:$H$64,"<>")=0,NA(),SUMIFS($H$2:$H$64,$A$2:$A$64,$O2,$D$2:$D$64,"LinkedIn page")) | Q2: =IF(COUNTIFS($A$2:$A$64,$O2,$D$2:$D$64,"LinkedIn profils fondateurs",$H$2:$H$64,"<>")=0,NA(),SUMIFS($H$2:$H$64,$A$2:$A$64,$O2,$D$2:$D$64,"LinkedIn profils fondateurs")) | R2: =IF(COUNTIFS($A$2:$A$64,$O2,$D$2:$D$64,"Instagram",$H$2:$H$64,"<>")=0,NA(),SUMIFS($H$2:$H$64,$A$2:$A$64,$O2,$D$2:$D$64,"Instagram")) | S2: =IF(COUNTIFS($A$2:$A$64,$O2,$D$2:$D$64,"LinkedIn page",$F$2:$F$64,"<>")=0,NA(),SUMIFS($F$2:$F$64,$A$2:$A$64,$O2,$D$2:$D$64,"LinkedIn page")) | T2: =IF(COUNTIFS($A$2:$A$64,$O2,$D$2:$D$64,"LinkedIn profils fondateurs",$F$2:$F$64,"<>")=0,NA(),SUMIFS($F$2:$F$64,$A$2:$A$64,$O2,$D$2:$D$64,"LinkedIn profils fondateurs")) | U2: =IF(COUNTIFS($A$2:$A$64,$O2,$D$2:$D$64,"Instagram",$F$2:$F$64,"<>")=0,NA(),SUMIFS($F$2:$F$64,$A$2:$A$64,$O2,$D$2:$D$64,"Instagram"))
A3: 2026-S42 | B3: 46307 | C3: baseline | D3: LinkedIn profils fondateurs | J3: =IF(AND(ISNUMBER(F3),F3>0,ISNUMBER(I3)),I3/F3,"") | M3: Baseline relevée le 15/10/2026 (à relever) | O3: 2026-S43 | P3: =IF(COUNTIFS($A$2:$A$64,$O3,$D$2:$D$64,"LinkedIn page",$H$2:$H$64,"<>")=0,NA(),SUMIFS($H$2:$H$64,$A$2:$A$64,$O3,$D$2:$D$64,"LinkedIn page")) | Q3: =IF(COUNTIFS($A$2:$A$64,$O3,$D$2:$D$64,"LinkedIn profils fondateurs",$H$2:$H$64,"<>")=0,NA(),SUMIFS($H$2:$H$64,$A$2:$A$64,$O3,$D$2:$D$64,"LinkedIn profils fondateurs")) | R3: =IF(COUNTIFS($A$2:$A$64,$O3,$D$2:$D$64,"Instagram",$H$2:$H$64,"<>")=0,NA(),SUMIFS($H$2:$H$64,$A$2:$A$64,$O3,$D$2:$D$64,"Instagram")) | S3: =IF(COUNTIFS($A$2:$A$64,$O3,$D$2:$D$64,"LinkedIn page",$F$2:$F$64,"<>")=0,NA(),SUMIFS($F$2:$F$64,$A$2:$A$64,$O3,$D$2:$D$64,"LinkedIn page")) | T3: =IF(COUNTIFS($A$2:$A$64,$O3,$D$2:$D$64,"LinkedIn profils fondateurs",$F$2:$F$64,"<>")=0,NA(),SUMIFS($F$2:$F$64,$A$2:$A$64,$O3,$D$2:$D$64,"LinkedIn profils fondateurs")) | U3: =IF(COUNTIFS($A$2:$A$64,$O3,$D$2:$D$64,"Instagram",$F$2:$F$64,"<>")=0,NA(),SUMIFS($F$2:$F$64,$A$2:$A$64,$O3,$D$2:$D$64,"Instagram"))
A4: 2026-S42 | B4: 46307 | C4: baseline | D4: Instagram | J4: =IF(AND(ISNUMBER(F4),F4>0,ISNUMBER(I4)),I4/F4,"") | M4: Baseline relevée le 15/10/2026 (à relever) | O4: 2026-S44 | P4: =IF(COUNTIFS($A$2:$A$64,$O4,$D$2:$D$64,"LinkedIn page",$H$2:$H$64,"<>")=0,NA(),SUMIFS($H$2:$H$64,$A$2:$A$64,$O4,$D$2:$D$64,"LinkedIn page")) | Q4: =IF(COUNTIFS($A$2:$A$64,$O4,$D$2:$D$64,"LinkedIn profils fondateurs",$H$2:$H$64,"<>")=0,NA(),SUMIFS($H$2:$H$64,$A$2:$A$64,$O4,$D$2:$D$64,"LinkedIn profils fondateurs")) | R4: =IF(COUNTIFS($A$2:$A$64,$O4,$D$2:$D$64,"Instagram",$H$2:$H$64,"<>")=0,NA(),SUMIFS($H$2:$H$64,$A$2:$A$64,$O4,$D$2:$D$64,"Instagram")) | S4: =IF(COUNTIFS($A$2:$A$64,$O4,$D$2:$D$64,"LinkedIn page",$F$2:$F$64,"<>")=0,NA(),SUMIFS($F$2:$F$64,$A$2:$A$64,$O4,$D$2:$D$64,"LinkedIn page")) | T4: =IF(COUNTIFS($A$2:$A$64,$O4,$D$2:$D$64,"LinkedIn profils fondateurs",$F$2:$F$64,"<>")=0,NA(),SUMIFS($F$2:$F$64,$A$2:$A$64,$O4,$D$2:$D$64,"LinkedIn profils fondateurs")) | U4: =IF(COUNTIFS($A$2:$A$64,$O4,$D$2:$D$64,"Instagram",$F$2:$F$64,"<>")=0,NA(),SUMIFS($F$2:$F$64,$A$2:$A$64,$O4,$D$2:$D$64,"Instagram"))
A5: 2026-S43 | B5: 46314 | C5: suivi | D5: LinkedIn page | J5: =IF(AND(ISNUMBER(F5),F5>0,ISNUMBER(I5)),I5/F5,"") | O5: 2026-S45 | P5: =IF(COUNTIFS($A$2:$A$64,$O5,$D$2:$D$64,"LinkedIn page",$H$2:$H$64,"<>")=0,NA(),SUMIFS($H$2:$H$64,$A$2:$A$64,$O5,$D$2:$D$64,"LinkedIn page")) | Q5: =IF(COUNTIFS($A$2:$A$64,$O5,$D$2:$D$64,"LinkedIn profils fondateurs",$H$2:$H$64,"<>")=0,NA(),SUMIFS($H$2:$H$64,$A$2:$A$64,$O5,$D$2:$D$64,"LinkedIn profils fondateurs")) | R5: =IF(COUNTIFS($A$2:$A$64,$O5,$D$2:$D$64,"Instagram",$H$2:$H$64,"<>")=0,NA(),SUMIFS($H$2:$H$64,$A$2:$A$64,$O5,$D$2:$D$64,"Instagram")) | S5: =IF(COUNTIFS($A$2:$A$64,$O5,$D$2:$D$64,"LinkedIn page",$F$2:$F$64,"<>")=0,NA(),SUMIFS($F$2:$F$64,$A$2:$A$64,$O5,$D$2:$D$64,"LinkedIn page")) | T5: =IF(COUNTIFS($A$2:$A$64,$O5,$D$2:$D$64,"LinkedIn profils fondateurs",$F$2:$F$64,"<>")=0,NA(),SUMIFS($F$2:$F$64,$A$2:$A$64,$O5,$D$2:$D$64,"LinkedIn profils fondateurs")) | U5: =IF(COUNTIFS($A$2:$A$64,$O5,$D$2:$D$64,"Instagram",$F$2:$F$64,"<>")=0,NA(),SUMIFS($F$2:$F$64,$A$2:$A$64,$O5,$D$2:$D$64,"Instagram"))
A6: 2026-S43 | B6: 46314 | C6: suivi | D6: LinkedIn profils fondateurs | J6: =IF(AND(ISNUMBER(F6),F6>0,ISNUMBER(I6)),I6/F6,"") | O6: 2026-S46 | P6: =IF(COUNTIFS($A$2:$A$64,$O6,$D$2:$D$64,"LinkedIn page",$H$2:$H$64,"<>")=0,NA(),SUMIFS($H$2:$H$64,$A$2:$A$64,$O6,$D$2:$D$64,"LinkedIn page")) | Q6: =IF(COUNTIFS($A$2:$A$64,$O6,$D$2:$D$64,"LinkedIn profils fondateurs",$H$2:$H$64,"<>")=0,NA(),SUMIFS($H$2:$H$64,$A$2:$A$64,$O6,$D$2:$D$64,"LinkedIn profils fondateurs")) | R6: =IF(COUNTIFS($A$2:$A$64,$O6,$D$2:$D$64,"Instagram",$H$2:$H$64,"<>")=0,NA(),SUMIFS($H$2:$H$64,$A$2:$A$64,$O6,$D$2:$D$64,"Instagram")) | S6: =IF(COUNTIFS($A$2:$A$64,$O6,$D$2:$D$64,"LinkedIn page",$F$2:$F$64,"<>")=0,NA(),SUMIFS($F$2:$F$64,$A$2:$A$64,$O6,$D$2:$D$64,"LinkedIn page")) | T6: =IF(COUNTIFS($A$2:$A$64,$O6,$D$2:$D$64,"LinkedIn profils fondateurs",$F$2:$F$64,"<>")=0,NA(),SUMIFS($F$2:$F$64,$A$2:$A$64,$O6,$D$2:$D$64,"LinkedIn profils fondateurs")) | U6: =IF(COUNTIFS($A$2:$A$64,$O6,$D$2:$D$64,"Instagram",$F$2:$F$64,"<>")=0,NA(),SUMIFS($F$2:$F$64,$A$2:$A$64,$O6,$D$2:$D$64,"Instagram"))
A7: 2026-S43 | B7: 46314 | C7: suivi | D7: Instagram | J7: =IF(AND(ISNUMBER(F7),F7>0,ISNUMBER(I7)),I7/F7,"") | O7: 2026-S47 | P7: =IF(COUNTIFS($A$2:$A$64,$O7,$D$2:$D$64,"LinkedIn page",$H$2:$H$64,"<>")=0,NA(),SUMIFS($H$2:$H$64,$A$2:$A$64,$O7,$D$2:$D$64,"LinkedIn page")) | Q7: =IF(COUNTIFS($A$2:$A$64,$O7,$D$2:$D$64,"LinkedIn profils fondateurs",$H$2:$H$64,"<>")=0,NA(),SUMIFS($H$2:$H$64,$A$2:$A$64,$O7,$D$2:$D$64,"LinkedIn profils fondateurs")) | R7: =IF(COUNTIFS($A$2:$A$64,$O7,$D$2:$D$64,"Instagram",$H$2:$H$64,"<>")=0,NA(),SUMIFS($H$2:$H$64,$A$2:$A$64,$O7,$D$2:$D$64,"Instagram")) | S7: =IF(COUNTIFS($A$2:$A$64,$O7,$D$2:$D$64,"LinkedIn page",$F$2:$F$64,"<>")=0,NA(),SUMIFS($F$2:$F$64,$A$2:$A$64,$O7,$D$2:$D$64,"LinkedIn page")) | T7: =IF(COUNTIFS($A$2:$A$64,$O7,$D$2:$D$64,"LinkedIn profils fondateurs",$F$2:$F$64,"<>")=0,NA(),SUMIFS($F$2:$F$64,$A$2:$A$64,$O7,$D$2:$D$64,"LinkedIn profils fondateurs")) | U7: =IF(COUNTIFS($A$2:$A$64,$O7,$D$2:$D$64,"Instagram",$F$2:$F$64,"<>")=0,NA(),SUMIFS($F$2:$F$64,$A$2:$A$64,$O7,$D$2:$D$64,"Instagram"))
A8: 2026-S44 | B8: 46321 | C8: suivi | D8: LinkedIn page | J8: =IF(AND(ISNUMBER(F8),F8>0,ISNUMBER(I8)),I8/F8,"") | O8: 2026-S48 | P8: =IF(COUNTIFS($A$2:$A$64,$O8,$D$2:$D$64,"LinkedIn page",$H$2:$H$64,"<>")=0,NA(),SUMIFS($H$2:$H$64,$A$2:$A$64,$O8,$D$2:$D$64,"LinkedIn page")) | Q8: =IF(COUNTIFS($A$2:$A$64,$O8,$D$2:$D$64,"LinkedIn profils fondateurs",$H$2:$H$64,"<>")=0,NA(),SUMIFS($H$2:$H$64,$A$2:$A$64,$O8,$D$2:$D$64,"LinkedIn profils fondateurs")) | R8: =IF(COUNTIFS($A$2:$A$64,$O8,$D$2:$D$64,"Instagram",$H$2:$H$64,"<>")=0,NA(),SUMIFS($H$2:$H$64,$A$2:$A$64,$O8,$D$2:$D$64,"Instagram")) | S8: =IF(COUNTIFS($A$2:$A$64,$O8,$D$2:$D$64,"LinkedIn page",$F$2:$F$64,"<>")=0,NA(),SUMIFS($F$2:$F$64,$A$2:$A$64,$O8,$D$2:$D$64,"LinkedIn page")) | T8: =IF(COUNTIFS($A$2:$A$64,$O8,$D$2:$D$64,"LinkedIn profils fondateurs",$F$2:$F$64,"<>")=0,NA(),SUMIFS($F$2:$F$64,$A$2:$A$64,$O8,$D$2:$D$64,"LinkedIn profils fondateurs")) | U8: =IF(COUNTIFS($A$2:$A$64,$O8,$D$2:$D$64,"Instagram",$F$2:$F$64,"<>")=0,NA(),SUMIFS($F$2:$F$64,$A$2:$A$64,$O8,$D$2:$D$64,"Instagram"))
A9: 2026-S44 | B9: 46321 | C9: suivi | D9: LinkedIn profils fondateurs | J9: =IF(AND(ISNUMBER(F9),F9>0,ISNUMBER(I9)),I9/F9,"") | O9: 2026-S49 | P9: =IF(COUNTIFS($A$2:$A$64,$O9,$D$2:$D$64,"LinkedIn page",$H$2:$H$64,"<>")=0,NA(),SUMIFS($H$2:$H$64,$A$2:$A$64,$O9,$D$2:$D$64,"LinkedIn page")) | Q9: =IF(COUNTIFS($A$2:$A$64,$O9,$D$2:$D$64,"LinkedIn profils fondateurs",$H$2:$H$64,"<>")=0,NA(),SUMIFS($H$2:$H$64,$A$2:$A$64,$O9,$D$2:$D$64,"LinkedIn profils fondateurs")) | R9: =IF(COUNTIFS($A$2:$A$64,$O9,$D$2:$D$64,"Instagram",$H$2:$H$64,"<>")=0,NA(),SUMIFS($H$2:$H$64,$A$2:$A$64,$O9,$D$2:$D$64,"Instagram")) | S9: =IF(COUNTIFS($A$2:$A$64,$O9,$D$2:$D$64,"LinkedIn page",$F$2:$F$64,"<>")=0,NA(),SUMIFS($F$2:$F$64,$A$2:$A$64,$O9,$D$2:$D$64,"LinkedIn page")) | T9: =IF(COUNTIFS($A$2:$A$64,$O9,$D$2:$D$64,"LinkedIn profils fondateurs",$F$2:$F$64,"<>")=0,NA(),SUMIFS($F$2:$F$64,$A$2:$A$64,$O9,$D$2:$D$64,"LinkedIn profils fondateurs")) | U9: =IF(COUNTIFS($A$2:$A$64,$O9,$D$2:$D$64,"Instagram",$F$2:$F$64,"<>")=0,NA(),SUMIFS($F$2:$F$64,$A$2:$A$64,$O9,$D$2:$D$64,"Instagram"))
A10: 2026-S44 | B10: 46321 | C10: suivi | D10: Instagram | J10: =IF(AND(ISNUMBER(F10),F10>0,ISNUMBER(I10)),I10/F10,"") | O10: 2026-S50 | P10: =IF(COUNTIFS($A$2:$A$64,$O10,$D$2:$D$64,"LinkedIn page",$H$2:$H$64,"<>")=0,NA(),SUMIFS($H$2:$H$64,$A$2:$A$64,$O10,$D$2:$D$64,"LinkedIn page")) | Q10: =IF(COUNTIFS($A$2:$A$64,$O10,$D$2:$D$64,"LinkedIn profils fondateurs",$H$2:$H$64,"<>")=0,NA(),SUMIFS($H$2:$H$64,$A$2:$A$64,$O10,$D$2:$D$64,"LinkedIn profils fondateurs")) | R10: =IF(COUNTIFS($A$2:$A$64,$O10,$D$2:$D$64,"Instagram",$H$2:$H$64,"<>")=0,NA(),SUMIFS($H$2:$H$64,$A$2:$A$64,$O10,$D$2:$D$64,"Instagram")) | S10: =IF(COUNTIFS($A$2:$A$64,$O10,$D$2:$D$64,"LinkedIn page",$F$2:$F$64,"<>")=0,NA(),SUMIFS($F$2:$F$64,$A$2:$A$64,$O10,$D$2:$D$64,"LinkedIn page")) | T10: =IF(COUNTIFS($A$2:$A$64,$O10,$D$2:$D$64,"LinkedIn profils fondateurs",$F$2:$F$64,"<>")=0,NA(),SUMIFS($F$2:$F$64,$A$2:$A$64,$O10,$D$2:$D$64,"LinkedIn profils fondateurs")) | U10: =IF(COUNTIFS($A$2:$A$64,$O10,$D$2:$D$64,"Instagram",$F$2:$F$64,"<>")=0,NA(),SUMIFS($F$2:$F$64,$A$2:$A$64,$O10,$D$2:$D$64,"Instagram"))
A11: 2026-S45 | B11: 46328 | C11: suivi | D11: LinkedIn page | J11: =IF(AND(ISNUMBER(F11),F11>0,ISNUMBER(I11)),I11/F11,"") | O11: 2026-S51 | P11: =IF(COUNTIFS($A$2:$A$64,$O11,$D$2:$D$64,"LinkedIn page",$H$2:$H$64,"<>")=0,NA(),SUMIFS($H$2:$H$64,$A$2:$A$64,$O11,$D$2:$D$64,"LinkedIn page")) | Q11: =IF(COUNTIFS($A$2:$A$64,$O11,$D$2:$D$64,"LinkedIn profils fondateurs",$H$2:$H$64,"<>")=0,NA(),SUMIFS($H$2:$H$64,$A$2:$A$64,$O11,$D$2:$D$64,"LinkedIn profils fondateurs")) | R11: =IF(COUNTIFS($A$2:$A$64,$O11,$D$2:$D$64,"Instagram",$H$2:$H$64,"<>")=0,NA(),SUMIFS($H$2:$H$64,$A$2:$A$64,$O11,$D$2:$D$64,"Instagram")) | S11: =IF(COUNTIFS($A$2:$A$64,$O11,$D$2:$D$64,"LinkedIn page",$F$2:$F$64,"<>")=0,NA(),SUMIFS($F$2:$F$64,$A$2:$A$64,$O11,$D$2:$D$64,"LinkedIn page")) | T11: =IF(COUNTIFS($A$2:$A$64,$O11,$D$2:$D$64,"LinkedIn profils fondateurs",$F$2:$F$64,"<>")=0,NA(),SUMIFS($F$2:$F$64,$A$2:$A$64,$O11,$D$2:$D$64,"LinkedIn profils fondateurs")) | U11: =IF(COUNTIFS($A$2:$A$64,$O11,$D$2:$D$64,"Instagram",$F$2:$F$64,"<>")=0,NA(),SUMIFS($F$2:$F$64,$A$2:$A$64,$O11,$D$2:$D$64,"Instagram"))
A12: 2026-S45 | B12: 46328 | C12: suivi | D12: LinkedIn profils fondateurs | J12: =IF(AND(ISNUMBER(F12),F12>0,ISNUMBER(I12)),I12/F12,"") | O12: 2026-S52 | P12: =IF(COUNTIFS($A$2:$A$64,$O12,$D$2:$D$64,"LinkedIn page",$H$2:$H$64,"<>")=0,NA(),SUMIFS($H$2:$H$64,$A$2:$A$64,$O12,$D$2:$D$64,"LinkedIn page")) | Q12: =IF(COUNTIFS($A$2:$A$64,$O12,$D$2:$D$64,"LinkedIn profils fondateurs",$H$2:$H$64,"<>")=0,NA(),SUMIFS($H$2:$H$64,$A$2:$A$64,$O12,$D$2:$D$64,"LinkedIn profils fondateurs")) | R12: =IF(COUNTIFS($A$2:$A$64,$O12,$D$2:$D$64,"Instagram",$H$2:$H$64,"<>")=0,NA(),SUMIFS($H$2:$H$64,$A$2:$A$64,$O12,$D$2:$D$64,"Instagram")) | S12: =IF(COUNTIFS($A$2:$A$64,$O12,$D$2:$D$64,"LinkedIn page",$F$2:$F$64,"<>")=0,NA(),SUMIFS($F$2:$F$64,$A$2:$A$64,$O12,$D$2:$D$64,"LinkedIn page")) | T12: =IF(COUNTIFS($A$2:$A$64,$O12,$D$2:$D$64,"LinkedIn profils fondateurs",$F$2:$F$64,"<>")=0,NA(),SUMIFS($F$2:$F$64,$A$2:$A$64,$O12,$D$2:$D$64,"LinkedIn profils fondateurs")) | U12: =IF(COUNTIFS($A$2:$A$64,$O12,$D$2:$D$64,"Instagram",$F$2:$F$64,"<>")=0,NA(),SUMIFS($F$2:$F$64,$A$2:$A$64,$O12,$D$2:$D$64,"Instagram"))
A13: 2026-S45 | B13: 46328 | C13: suivi | D13: Instagram | J13: =IF(AND(ISNUMBER(F13),F13>0,ISNUMBER(I13)),I13/F13,"") | O13: 2026-S53 | P13: =IF(COUNTIFS($A$2:$A$64,$O13,$D$2:$D$64,"LinkedIn page",$H$2:$H$64,"<>")=0,NA(),SUMIFS($H$2:$H$64,$A$2:$A$64,$O13,$D$2:$D$64,"LinkedIn page")) | Q13: =IF(COUNTIFS($A$2:$A$64,$O13,$D$2:$D$64,"LinkedIn profils fondateurs",$H$2:$H$64,"<>")=0,NA(),SUMIFS($H$2:$H$64,$A$2:$A$64,$O13,$D$2:$D$64,"LinkedIn profils fondateurs")) | R13: =IF(COUNTIFS($A$2:$A$64,$O13,$D$2:$D$64,"Instagram",$H$2:$H$64,"<>")=0,NA(),SUMIFS($H$2:$H$64,$A$2:$A$64,$O13,$D$2:$D$64,"Instagram")) | S13: =IF(COUNTIFS($A$2:$A$64,$O13,$D$2:$D$64,"LinkedIn page",$F$2:$F$64,"<>")=0,NA(),SUMIFS($F$2:$F$64,$A$2:$A$64,$O13,$D$2:$D$64,"LinkedIn page")) | T13: =IF(COUNTIFS($A$2:$A$64,$O13,$D$2:$D$64,"LinkedIn profils fondateurs",$F$2:$F$64,"<>")=0,NA(),SUMIFS($F$2:$F$64,$A$2:$A$64,$O13,$D$2:$D$64,"LinkedIn profils fondateurs")) | U13: =IF(COUNTIFS($A$2:$A$64,$O13,$D$2:$D$64,"Instagram",$F$2:$F$64,"<>")=0,NA(),SUMIFS($F$2:$F$64,$A$2:$A$64,$O13,$D$2:$D$64,"Instagram"))
A14: 2026-S46 | B14: 46335 | C14: suivi | D14: LinkedIn page | J14: =IF(AND(ISNUMBER(F14),F14>0,ISNUMBER(I14)),I14/F14,"") | O14: 2027-S01 | P14: =IF(COUNTIFS($A$2:$A$64,$O14,$D$2:$D$64,"LinkedIn page",$H$2:$H$64,"<>")=0,NA(),SUMIFS($H$2:$H$64,$A$2:$A$64,$O14,$D$2:$D$64,"LinkedIn page")) | Q14: =IF(COUNTIFS($A$2:$A$64,$O14,$D$2:$D$64,"LinkedIn profils fondateurs",$H$2:$H$64,"<>")=0,NA(),SUMIFS($H$2:$H$64,$A$2:$A$64,$O14,$D$2:$D$64,"LinkedIn profils fondateurs")) | R14: =IF(COUNTIFS($A$2:$A$64,$O14,$D$2:$D$64,"Instagram",$H$2:$H$64,"<>")=0,NA(),SUMIFS($H$2:$H$64,$A$2:$A$64,$O14,$D$2:$D$64,"Instagram")) | S14: =IF(COUNTIFS($A$2:$A$64,$O14,$D$2:$D$64,"LinkedIn page",$F$2:$F$64,"<>")=0,NA(),SUMIFS($F$2:$F$64,$A$2:$A$64,$O14,$D$2:$D$64,"LinkedIn page")) | T14: =IF(COUNTIFS($A$2:$A$64,$O14,$D$2:$D$64,"LinkedIn profils fondateurs",$F$2:$F$64,"<>")=0,NA(),SUMIFS($F$2:$F$64,$A$2:$A$64,$O14,$D$2:$D$64,"LinkedIn profils fondateurs")) | U14: =IF(COUNTIFS($A$2:$A$64,$O14,$D$2:$D$64,"Instagram",$F$2:$F$64,"<>")=0,NA(),SUMIFS($F$2:$F$64,$A$2:$A$64,$O14,$D$2:$D$64,"Instagram"))
A15: 2026-S46 | B15: 46335 | C15: suivi | D15: LinkedIn profils fondateurs | J15: =IF(AND(ISNUMBER(F15),F15>0,ISNUMBER(I15)),I15/F15,"") | O15: 2027-S02 | P15: =IF(COUNTIFS($A$2:$A$64,$O15,$D$2:$D$64,"LinkedIn page",$H$2:$H$64,"<>")=0,NA(),SUMIFS($H$2:$H$64,$A$2:$A$64,$O15,$D$2:$D$64,"LinkedIn page")) | Q15: =IF(COUNTIFS($A$2:$A$64,$O15,$D$2:$D$64,"LinkedIn profils fondateurs",$H$2:$H$64,"<>")=0,NA(),SUMIFS($H$2:$H$64,$A$2:$A$64,$O15,$D$2:$D$64,"LinkedIn profils fondateurs")) | R15: =IF(COUNTIFS($A$2:$A$64,$O15,$D$2:$D$64,"Instagram",$H$2:$H$64,"<>")=0,NA(),SUMIFS($H$2:$H$64,$A$2:$A$64,$O15,$D$2:$D$64,"Instagram")) | S15: =IF(COUNTIFS($A$2:$A$64,$O15,$D$2:$D$64,"LinkedIn page",$F$2:$F$64,"<>")=0,NA(),SUMIFS($F$2:$F$64,$A$2:$A$64,$O15,$D$2:$D$64,"LinkedIn page")) | T15: =IF(COUNTIFS($A$2:$A$64,$O15,$D$2:$D$64,"LinkedIn profils fondateurs",$F$2:$F$64,"<>")=0,NA(),SUMIFS($F$2:$F$64,$A$2:$A$64,$O15,$D$2:$D$64,"LinkedIn profils fondateurs")) | U15: =IF(COUNTIFS($A$2:$A$64,$O15,$D$2:$D$64,"Instagram",$F$2:$F$64,"<>")=0,NA(),SUMIFS($F$2:$F$64,$A$2:$A$64,$O15,$D$2:$D$64,"Instagram"))
A16: 2026-S46 | B16: 46335 | C16: suivi | D16: Instagram | J16: =IF(AND(ISNUMBER(F16),F16>0,ISNUMBER(I16)),I16/F16,"") | O16: 2027-S03 | P16: =IF(COUNTIFS($A$2:$A$64,$O16,$D$2:$D$64,"LinkedIn page",$H$2:$H$64,"<>")=0,NA(),SUMIFS($H$2:$H$64,$A$2:$A$64,$O16,$D$2:$D$64,"LinkedIn page")) | Q16: =IF(COUNTIFS($A$2:$A$64,$O16,$D$2:$D$64,"LinkedIn profils fondateurs",$H$2:$H$64,"<>")=0,NA(),SUMIFS($H$2:$H$64,$A$2:$A$64,$O16,$D$2:$D$64,"LinkedIn profils fondateurs")) | R16: =IF(COUNTIFS($A$2:$A$64,$O16,$D$2:$D$64,"Instagram",$H$2:$H$64,"<>")=0,NA(),SUMIFS($H$2:$H$64,$A$2:$A$64,$O16,$D$2:$D$64,"Instagram")) | S16: =IF(COUNTIFS($A$2:$A$64,$O16,$D$2:$D$64,"LinkedIn page",$F$2:$F$64,"<>")=0,NA(),SUMIFS($F$2:$F$64,$A$2:$A$64,$O16,$D$2:$D$64,"LinkedIn page")) | T16: =IF(COUNTIFS($A$2:$A$64,$O16,$D$2:$D$64,"LinkedIn profils fondateurs",$F$2:$F$64,"<>")=0,NA(),SUMIFS($F$2:$F$64,$A$2:$A$64,$O16,$D$2:$D$64,"LinkedIn profils fondateurs")) | U16: =IF(COUNTIFS($A$2:$A$64,$O16,$D$2:$D$64,"Instagram",$F$2:$F$64,"<>")=0,NA(),SUMIFS($F$2:$F$64,$A$2:$A$64,$O16,$D$2:$D$64,"Instagram"))
... A22: 2026-S48 | B22: 46349 | C22: suivi | D22: Instagram | J22: =IF(AND(ISNUMBER(F22),F22>0,ISNUMBER(I22)),I22/F22,"") | O22: 2027-S09 | P22: =IF(COUNTIFS($A$2:$A$64,$O22,$D$2:$D$64,"LinkedIn page",$H$2:$H$64,"<>")=0,NA(),SUMIFS($H$2:$H$64,$A$2:$A$64,$O22,$D$2:$D$64,"LinkedIn page")) | Q22: =IF(COUNTIFS($A$2:$A$64,$O22,$D$2:$D$64,"LinkedIn profils fondateurs",$H$2:$H$64,"<>")=0,NA(),SUMIFS($H$2:$H$64,$A$2:$A$64,$O22,$D$2:$D$64,"LinkedIn profils fondateurs")) | R22: =IF(COUNTIFS($A$2:$A$64,$O22,$D$2:$D$64,"Instagram",$H$2:$H$64,"<>")=0,NA(),SUMIFS($H$2:$H$64,$A$2:$A$64,$O22,$D$2:$D$64,"Instagram")) | S22: =IF(COUNTIFS($A$2:$A$64,$O22,$D$2:$D$64,"LinkedIn page",$F$2:$F$64,"<>")=0,NA(),SUMIFS($F$2:$F$64,$A$2:$A$64,$O22,$D$2:$D$64,"LinkedIn page")) | T22: =IF(COUNTIFS($A$2:$A$64,$O22,$D$2:$D$64,"LinkedIn profils fondateurs",$F$2:$F$64,"<>")=0,NA(),SUMIFS($F$2:$F$64,$A$2:$A$64,$O22,$D$2:$D$64,"LinkedIn profils fondateurs")) | U22: =IF(COUNTIFS($A$2:$A$64,$O22,$D$2:$D$64,"Instagram",$F$2:$F$64,"<>")=0,NA(),SUMIFS($F$2:$F$64,$A$2:$A$64,$O22,$D$2:$D$64,"Instagram"))
A23: 2026-S49 | B23: 46356 | C23: suivi | D23: LinkedIn page | J23: =IF(AND(ISNUMBER(F23),F23>0,ISNUMBER(I23)),I23/F23,"")
A24: 2026-S49 | B24: 46356 | C24: suivi | D24: LinkedIn profils fondateurs | J24: =IF(AND(ISNUMBER(F24),F24>0,ISNUMBER(I24)),I24/F24,"") | O24: Bloc de calcul des graphiques : #N/A = semaine non saisie (volontaire, le graphique ne trace pas le point).
A25: 2026-S49 | B25: 46356 | C25: suivi | D25: Instagram | J25: =IF(AND(ISNUMBER(F25),F25>0,ISNUMBER(I25)),I25/F25,"")
A26: 2026-S50 | B26: 46363 | C26: suivi | D26: LinkedIn page | J26: =IF(AND(ISNUMBER(F26),F26>0,ISNUMBER(I26)),I26/F26,"")
A27: 2026-S50 | B27: 46363 | C27: suivi | D27: LinkedIn profils fondateurs | J27: =IF(AND(ISNUMBER(F27),F27>0,ISNUMBER(I27)),I27/F27,"")
A28: 2026-S50 | B28: 46363 | C28: suivi | D28: Instagram | J28: =IF(AND(ISNUMBER(F28),F28>0,ISNUMBER(I28)),I28/F28,"")
A29: 2026-S51 | B29: 46370 | C29: suivi | D29: LinkedIn page | J29: =IF(AND(ISNUMBER(F29),F29>0,ISNUMBER(I29)),I29/F29,"")
A30: 2026-S51 | B30: 46370 | C30: suivi | D30: LinkedIn profils fondateurs | J30: =IF(AND(ISNUMBER(F30),F30>0,ISNUMBER(I30)),I30/F30,"")
A31: 2026-S51 | B31: 46370 | C31: suivi | D31: Instagram | J31: =IF(AND(ISNUMBER(F31),F31>0,ISNUMBER(I31)),I31/F31,"")
A32: 2026-S52 | B32: 46377 | C32: suivi | D32: LinkedIn page | J32: =IF(AND(ISNUMBER(F32),F32>0,ISNUMBER(I32)),I32/F32,"")
A33: 2026-S52 | B33: 46377 | C33: suivi | D33: LinkedIn profils fondateurs | J33: =IF(AND(ISNUMBER(F33),F33>0,ISNUMBER(I33)),I33/F33,"")
A34: 2026-S52 | B34: 46377 | C34: suivi | D34: Instagram | J34: =IF(AND(ISNUMBER(F34),F34>0,ISNUMBER(I34)),I34/F34,"")
A35: 2026-S53 | B35: 46384 | C35: suivi | D35: LinkedIn page | J35: =IF(AND(ISNUMBER(F35),F35>0,ISNUMBER(I35)),I35/F35,"")
A36: 2026-S53 | B36: 46384 | C36: suivi | D36: LinkedIn profils fondateurs | J36: =IF(AND(ISNUMBER(F36),F36>0,ISNUMBER(I36)),I36/F36,"")
... A64: 2027-S09 | B64: 46447 | C64: suivi | D64: Instagram | J64: =IF(AND(ISNUMBER(F64),F64>0,ISNUMBER(I64)),I64/F64,"")

Sheet Funnel_commercial
A1: semaine_iso | B1: lundi | C1: type | D1: comptes_cibles | E1: contactes | F1: reponses | G1: entretiens_decouverte | H1: demos | I1: demandes_pilote | J1: pilotes_actifs | K1: contrats | L1: nps_pilote | M1: taux_reponse | N1: taux_entretien | O1: taux_demo | P1: taux_demande_pilote | Q1: taux_signature | R1: couverture_liste | S1: note
A2: 2026-S42 | B2: 46307 | C2: baseline | M2: =IF(SUM(E$2:E2)>0,SUM(F$2:F2)/SUM(E$2:E2),"") | N2: =IF(SUM(F$2:F2)>0,SUM(G$2:G2)/SUM(F$2:F2),"") | O2: =IF(SUM(F$2:F2)>0,SUM(H$2:H2)/SUM(F$2:F2),"") | P2: =IF(SUM(H$2:H2)>0,SUM(I$2:I2)/SUM(H$2:H2),"") | Q2: =IF(SUM(I$2:I2)>0,SUM(K$2:K2)/SUM(I$2:I2),"") | R2: =IF(AND(ISNUMBER(D2),D2>0),SUM(E$2:E2)/D2,"") | S2: Baseline au 15/10/2026 (à relever)
A3: 2026-S43 | B3: 46314 | C3: suivi | M3: =IF(SUM(E$2:E3)>0,SUM(F$2:F3)/SUM(E$2:E3),"") | N3: =IF(SUM(F$2:F3)>0,SUM(G$2:G3)/SUM(F$2:F3),"") | O3: =IF(SUM(F$2:F3)>0,SUM(H$2:H3)/SUM(F$2:F3),"") | P3: =IF(SUM(H$2:H3)>0,SUM(I$2:I3)/SUM(H$2:H3),"") | Q3: =IF(SUM(I$2:I3)>0,SUM(K$2:K3)/SUM(I$2:I3),"") | R3: =IF(AND(ISNUMBER(D3),D3>0),SUM(E$2:E3)/D3,"")
A4: 2026-S44 | B4: 46321 | C4: suivi | M4: =IF(SUM(E$2:E4)>0,SUM(F$2:F4)/SUM(E$2:E4),"") | N4: =IF(SUM(F$2:F4)>0,SUM(G$2:G4)/SUM(F$2:F4),"") | O4: =IF(SUM(F$2:F4)>0,SUM(H$2:H4)/SUM(F$2:F4),"") | P4: =IF(SUM(H$2:H4)>0,SUM(I$2:I4)/SUM(H$2:H4),"") | Q4: =IF(SUM(I$2:I4)>0,SUM(K$2:K4)/SUM(I$2:I4),"") | R4: =IF(AND(ISNUMBER(D4),D4>0),SUM(E$2:E4)/D4,"")
A5: 2026-S45 | B5: 46328 | C5: suivi | M5: =IF(SUM(E$2:E5)>0,SUM(F$2:F5)/SUM(E$2:E5),"") | N5: =IF(SUM(F$2:F5)>0,SUM(G$2:G5)/SUM(F$2:F5),"") | O5: =IF(SUM(F$2:F5)>0,SUM(H$2:H5)/SUM(F$2:F5),"") | P5: =IF(SUM(H$2:H5)>0,SUM(I$2:I5)/SUM(H$2:H5),"") | Q5: =IF(SUM(I$2:I5)>0,SUM(K$2:K5)/SUM(I$2:I5),"") | R5: =IF(AND(ISNUMBER(D5),D5>0),SUM(E$2:E5)/D5,"")
A6: 2026-S46 | B6: 46335 | C6: suivi | M6: =IF(SUM(E$2:E6)>0,SUM(F$2:F6)/SUM(E$2:E6),"") | N6: =IF(SUM(F$2:F6)>0,SUM(G$2:G6)/SUM(F$2:F6),"") | O6: =IF(SUM(F$2:F6)>0,SUM(H$2:H6)/SUM(F$2:F6),"") | P6: =IF(SUM(H$2:H6)>0,SUM(I$2:I6)/SUM(H$2:H6),"") | Q6: =IF(SUM(I$2:I6)>0,SUM(K$2:K6)/SUM(I$2:I6),"") | R6: =IF(AND(ISNUMBER(D6),D6>0),SUM(E$2:E6)/D6,"")
A7: 2026-S47 | B7: 46342 | C7: suivi | M7: =IF(SUM(E$2:E7)>0,SUM(F$2:F7)/SUM(E$2:E7),"") | N7: =IF(SUM(F$2:F7)>0,SUM(G$2:G7)/SUM(F$2:F7),"") | O7: =IF(SUM(F$2:F7)>0,SUM(H$2:H7)/SUM(F$2:F7),"") | P7: =IF(SUM(H$2:H7)>0,SUM(I$2:I7)/SUM(H$2:H7),"") | Q7: =IF(SUM(I$2:I7)>0,SUM(K$2:K7)/SUM(I$2:I7),"") | R7: =IF(AND(ISNUMBER(D7),D7>0),SUM(E$2:E7)/D7,"")
A8: 2026-S48 | B8: 46349 | C8: suivi | M8: =IF(SUM(E$2:E8)>0,SUM(F$2:F8)/SUM(E$2:E8),"") | N8: =IF(SUM(F$2:F8)>0,SUM(G$2:G8)/SUM(F$2:F8),"") | O8: =IF(SUM(F$2:F8)>0,SUM(H$2:H8)/SUM(F$2:F8),"") | P8: =IF(SUM(H$2:H8)>0,SUM(I$2:I8)/SUM(H$2:H8),"") | Q8: =IF(SUM(I$2:I8)>0,SUM(K$2:K8)/SUM(I$2:I8),"") | R8: =IF(AND(ISNUMBER(D8),D8>0),SUM(E$2:E8)/D8,"")
A9: 2026-S49 | B9: 46356 | C9: suivi | M9: =IF(SUM(E$2:E9)>0,SUM(F$2:F9)/SUM(E$2:E9),"") | N9: =IF(SUM(F$2:F9)>0,SUM(G$2:G9)/SUM(F$2:F9),"") | O9: =IF(SUM(F$2:F9)>0,SUM(H$2:H9)/SUM(F$2:F9),"") | P9: =IF(SUM(H$2:H9)>0,SUM(I$2:I9)/SUM(H$2:H9),"") | Q9: =IF(SUM(I$2:I9)>0,SUM(K$2:K9)/SUM(I$2:I9),"") | R9: =IF(AND(ISNUMBER(D9),D9>0),SUM(E$2:E9)/D9,"")
A10: 2026-S50 | B10: 46363 | C10: suivi | M10: =IF(SUM(E$2:E10)>0,SUM(F$2:F10)/SUM(E$2:E10),"") | N10: =IF(SUM(F$2:F10)>0,SUM(G$2:G10)/SUM(F$2:F10),"") | O10: =IF(SUM(F$2:F10)>0,SUM(H$2:H10)/SUM(F$2:F10),"") | P10: =IF(SUM(H$2:H10)>0,SUM(I$2:I10)/SUM(H$2:H10),"") | Q10: =IF(SUM(I$2:I10)>0,SUM(K$2:K10)/SUM(I$2:I10),"") | R10: =IF(AND(ISNUMBER(D10),D10>0),SUM(E$2:E10)/D10,"")
A11: 2026-S51 | B11: 46370 | C11: suivi | M11: =IF(SUM(E$2:E11)>0,SUM(F$2:F11)/SUM(E$2:E11),"") | N11: =IF(SUM(F$2:F11)>0,SUM(G$2:G11)/SUM(F$2:F11),"") | O11: =IF(SUM(F$2:F11)>0,SUM(H$2:H11)/SUM(F$2:F11),"") | P11: =IF(SUM(H$2:H11)>0,SUM(I$2:I11)/SUM(H$2:H11),"") | Q11: =IF(SUM(I$2:I11)>0,SUM(K$2:K11)/SUM(I$2:I11),"") | R11: =IF(AND(ISNUMBER(D11),D11>0),SUM(E$2:E11)/D11,"")
A12: 2026-S52 | B12: 46377 | C12: suivi | M12: =IF(SUM(E$2:E12)>0,SUM(F$2:F12)/SUM(E$2:E12),"") | N12: =IF(SUM(F$2:F12)>0,SUM(G$2:G12)/SUM(F$2:F12),"") | O12: =IF(SUM(F$2:F12)>0,SUM(H$2:H12)/SUM(F$2:F12),"") | P12: =IF(SUM(H$2:H12)>0,SUM(I$2:I12)/SUM(H$2:H12),"") | Q12: =IF(SUM(I$2:I12)>0,SUM(K$2:K12)/SUM(I$2:I12),"") | R12: =IF(AND(ISNUMBER(D12),D12>0),SUM(E$2:E12)/D12,"")
A13: 2026-S53 | B13: 46384 | C13: suivi | M13: =IF(SUM(E$2:E13)>0,SUM(F$2:F13)/SUM(E$2:E13),"") | N13: =IF(SUM(F$2:F13)>0,SUM(G$2:G13)/SUM(F$2:F13),"") | O13: =IF(SUM(F$2:F13)>0,SUM(H$2:H13)/SUM(F$2:F13),"") | P13: =IF(SUM(H$2:H13)>0,SUM(I$2:I13)/SUM(H$2:H13),"") | Q13: =IF(SUM(I$2:I13)>0,SUM(K$2:K13)/SUM(I$2:I13),"") | R13: =IF(AND(ISNUMBER(D13),D13>0),SUM(E$2:E13)/D13,"")
A14: 2027-S01 | B14: 46391 | C14: suivi | M14: =IF(SUM(E$2:E14)>0,SUM(F$2:F14)/SUM(E$2:E14),"") | N14: =IF(SUM(F$2:F14)>0,SUM(G$2:G14)/SUM(F$2:F14),"") | O14: =IF(SUM(F$2:F14)>0,SUM(H$2:H14)/SUM(F$2:F14),"") | P14: =IF(SUM(H$2:H14)>0,SUM(I$2:I14)/SUM(H$2:H14),"") | Q14: =IF(SUM(I$2:I14)>0,SUM(K$2:K14)/SUM(I$2:I14),"") | R14: =IF(AND(ISNUMBER(D14),D14>0),SUM(E$2:E14)/D14,"")
... A22: 2027-S09 | B22: 46447 | C22: suivi | M22: =IF(SUM(E$2:E22)>0,SUM(F$2:F22)/SUM(E$2:E22),"") | N22: =IF(SUM(F$2:F22)>0,SUM(G$2:G22)/SUM(F$2:F22),"") | O22: =IF(SUM(F$2:F22)>0,SUM(H$2:H22)/SUM(F$2:F22),"") | P22: =IF(SUM(H$2:H22)>0,SUM(I$2:I22)/SUM(H$2:H22),"") | Q22: =IF(SUM(I$2:I22)>0,SUM(K$2:K22)/SUM(I$2:I22),"") | R22: =IF(AND(ISNUMBER(D22),D22>0),SUM(E$2:E22)/D22,"")
A24: Saisie : comptes_cibles et pilotes_actifs = stock à la fin de la semaine ; contactes, reponses, entretiens_decouverte, demos, demandes_pilote, contrats = flux de la semaine ; taux = calculés sur les cumuls depuis la sem. 42 (formules). Aucune valeur pré-remplie.

Sheet Objectifs
A1: KPI | B1: Famille | C1: Nature de la cible | D1: Baseline S42 | E1: Fin nov. 2026 (30/11) | F1: Fin déc. 2026 (31/12) | G1: Fin janv. 2027 (31/01) | H1: Jury fév. 2027 (26/02) | I1: Étiquette | J1: Justification
A2: comptes_cibles | B2: commercial | C2: Stock : comptes qualifiés dans la liste P1 | D2: n/a | E2: 60 | F2: 90 | G2: 110 | H2: 120 | I2: objectif | J2: Tunnel BP : 300 comptes sur 12 mois. Liste construite en avance sur les contacts : 40 % du volume annuel prévu dès le jury (prorata temporel : 130 jours sur 346, soit 37,6 %, arrondi par excès).
A3: contactes | B3: commercial | C3: Cumul : comptes contactés au moins une fois | D3: n/a | E3: 45 | F3: 80 | G3: 100 | H3: 115 | I3: objectif | J3: Les comptes de la liste sont contactés au fil de l'eau ; 115 contactés au jury (prorata 37,6 % de 300 = 113).
A4: reponses | B4: commercial | C4: Cumul : comptes ayant répondu | D4: n/a | E4: 9 | F4: 16 | G4: 20 | H4: 23 | I4: objectif | J4: Taux BP : 60 réponses sur 300 comptes, soit 20 % des comptes contactés.
A5: entretiens_decouverte | B5: commercial | C5: Cumul : entretiens de découverte tenus et documentés | D5: n/a | E5: 7 | F5: 12 | G5: 15 | H5: 17 | I5: hypothèse | J5: Hors tunnel BP. Hypothèse : trois répondants sur quatre acceptent un entretien de 20 minutes ; à confirmer sur les premières semaines.
A6: demos | B6: commercial | C6: Cumul : démos réalisées | D6: n/a | E6: 4 | F6: 7 | G6: 8 | H6: 10 | I6: objectif | J6: Taux BP : 25 démos pour 60 réponses, soit 41,7 % des réponses.
A7: demandes_pilote | B7: commercial | C7: Cumul : demandes de pilote reçues (page /pilote, e-mail, entretien) | D7: n/a | E7: 2 | F7: 3 | G7: 4 | H7: 5 | I7: objectif | J7: Taux BP : 12 pilotes pour 25 démos, soit 48 % des démos.
A8: pilotes_actifs | B8: commercial | C8: Stock : organisations au statut Pilote ou Actif (back-office) | D8: n/a | E8: 1 | F8: 2 | G8: 3 | H8: 3 | I8: objectif | J8: BP : 3 pilotes visés avant mars 2027 (diapo « Ce qu'on doit prouver »). Le jury de février est visé avec un mois d'avance.
A9: contrats | B9: commercial | C9: Cumul : contrats signés (idéalement payants) | D9: n/a | E9: 0 | F9: 0 | G9: 0 | H9: 1 | I9: objectif | J9: Le prorata donnerait 3 contrats (8 × 37,6 %), mais le BP annonce un cycle de vente de 2 à 4 mois pilote inclus et 2 payants en mars 2027 : un premier contrat au jury est l'objectif tenable.
A10: nps_pilote | B10: commercial | C10: Pas de cible de score : 100 % des NPS J+7 et J+25 collectés | D10: n/a | E10: n/a | F10: n/a | G10: n/a | H10: n/a | I10: objectif | J10: Échantillon trop petit pour viser un score. Indiquer n (nombre de réponses) à côté de chaque valeur.
A11: publications (LinkedIn) | B11: social | C11: Cumul depuis le 19/10 : publications LinkedIn (page + profils) | D11: n/a | E11: 13 | F11: 22 | G11: 31 | H11: 41 | I11: objectif | J11: Compté sur calendrier-editorial.xlsx : 2 à 3 par semaine, Noël allégé.
A12: publications (Instagram) | B12: social | C12: Cumul depuis le 19/10 : publications Instagram | D12: n/a | E12: 8 | F12: 12 | G12: 16 | H12: 20 | I12: objectif | J12: Compté sur calendrier-editorial.xlsx : 1 à 2 par semaine (déclinaisons).
A13: abonnes - LinkedIn page | B13: social | C13: Gain net vs baseline | D13: à relever | E13: 25 | F13: 50 | G13: 75 | H13: 100 | I13: hypothèse | J13: À recalibrer à la revue du 30/11 après six semaines de mesure. Qualité (P1) avant volume : la page doit être peuplée quand un prospect la consulte.
A14: abonnes - LinkedIn profils fondateurs | B14: social | C14: Gain net vs baseline (somme des 3 profils) | D14: à relever | E14: 30 | F14: 60 | G14: 90 | H14: 120 | I14: hypothèse | J14: Logique founder-led : le réseau des trois fondateurs porte la portée initiale. À recalibrer le 30/11.
A15: abonnes - Instagram | B15: social | C15: Gain net vs baseline | D15: à relever | E15: 15 | F15: 30 | G15: 45 | H15: 60 | I15: hypothèse | J15: Canal secondaire : preuve visuelle, pas moteur d'acquisition. Baseline inconnue, à relever.
A16: impressions (tous canaux) | B16: social | C16: Multiple de la baseline S42, total hebdomadaire sur les 4 dernières semaines | D16: à relever | E16: 1.5 | F16: 2 | G16: 2.5 | H16: 3 | I16: hypothèse | J16: Objectif en multiple car la baseline est inconnue ; se convertit en valeur absolue dans le bloc ci-dessous dès la baseline saisie.
A17: reach (tous canaux) | B17: social | C17: Multiple de la baseline S42, total hebdomadaire | D17: à relever | E17: 1.5 | F17: 2 | G17: 2.5 | H17: 3 | I17: hypothèse | J17: Même logique que les impressions.
A18: engagements (tous canaux) | B18: social | C18: Multiple de la baseline S42, total hebdomadaire | D18: à relever | E18: 1.5 | F18: 2 | G18: 2.5 | H18: 3 | I18: hypothèse | J18: Même logique ; à lire avec taux_engagement.
A19: taux_engagement | B19: social | C19: Multiple de la baseline S42 (1,0 = au moins égal) | D19: à relever | E19: 1 | F19: 1 | G19: 1 | H19: 1 | I19: objectif | J19: Le volume doit croître sans dégrader l'engagement relatif. Aucun benchmark externe retenu : les définitions de taux diffèrent d'une étude à l'autre.
A20: clics (social) | B20: social | C20: Cumul : clics sur le lien /pilote | D20: à relever | E20: 20 | F20: 45 | G20: 75 | H20: 100 | I20: hypothèse | J20: Environ les deux tiers des visites visées ; le reste vient de l'outbound e-mail.
A21: visites_pilote | B21: social | C21: Cumul : visites de /pilote avec UTM (social + e-mail) | D21: à relever | E21: 30 | F21: 70 | G21: 110 | H21: 150 | I21: hypothèse | J21: 150 visites × 3 à 4 % de demandes de pilote ≈ 5 demandes (hypothèse de conversion à vérifier sur les premières semaines).
A23: Cibles absolues calculées (se remplissent quand la baseline de la sem. 42 est saisie dans Social_hebdo)
A24: KPI | B24: Famille | C24: Calcul | D24: Baseline S42 | E24: Fin nov. | F24: Fin déc. | G24: Fin janv. | H24: Jury fév. | I24: Étiquette
A25: abonnes - LinkedIn page | B25: social | C25: baseline + gain net | D25: =IF(COUNTIFS(Social_hebdo!$A$2:$A$64,"2026-S42",Social_hebdo!$D$2:$D$64,"LinkedIn page",Social_hebdo!$H$2:$H$64,"<>")=0,"à relever",SUMIFS(Social_hebdo!$H$2:$H$64,Social_hebdo!$A$2:$A$64,"2026-S42",Social_hebdo!$D$2:$D$64,"LinkedIn page")) | E25: =IF(ISNUMBER($D25),$D25+E13,"baseline à relever") | F25: =IF(ISNUMBER($D25),$D25+F13,"baseline à relever") | G25: =IF(ISNUMBER($D25),$D25+G13,"baseline à relever") | H25: =IF(ISNUMBER($D25),$D25+H13,"baseline à relever") | I25: hypothèse
A26: abonnes - LinkedIn profils fondateurs | B26: social | C26: baseline + gain net | D26: =IF(COUNTIFS(Social_hebdo!$A$2:$A$64,"2026-S42",Social_hebdo!$D$2:$D$64,"LinkedIn profils fondateurs",Social_hebdo!$H$2:$H$64,"<>")=0,"à relever",SUMIFS(Social_hebdo!$H$2:$H$64,Social_hebdo!$A$2:$A$64,"2026-S42",Social_hebdo!$D$2:$D$64,"LinkedIn profils fondateurs")) | E26: =IF(ISNUMBER($D26),$D26+E14,"baseline à relever") | F26: =IF(ISNUMBER($D26),$D26+F14,"baseline à relever") | G26: =IF(ISNUMBER($D26),$D26+G14,"baseline à relever") | H26: =IF(ISNUMBER($D26),$D26+H14,"baseline à relever") | I26: hypothèse
A27: abonnes - Instagram | B27: social | C27: baseline + gain net | D27: =IF(COUNTIFS(Social_hebdo!$A$2:$A$64,"2026-S42",Social_hebdo!$D$2:$D$64,"Instagram",Social_hebdo!$H$2:$H$64,"<>")=0,"à relever",SUMIFS(Social_hebdo!$H$2:$H$64,Social_hebdo!$A$2:$A$64,"2026-S42",Social_hebdo!$D$2:$D$64,"Instagram")) | E27: =IF(ISNUMBER($D27),$D27+E15,"baseline à relever") | F27: =IF(ISNUMBER($D27),$D27+F15,"baseline à relever") | G27: =IF(ISNUMBER($D27),$D27+G15,"baseline à relever") | H27: =IF(ISNUMBER($D27),$D27+H15,"baseline à relever") | I27: hypothèse
A28: impressions (tous canaux) | B28: social | C28: baseline hebdo (3 canaux) × multiple | D28: =IF(COUNTIFS(Social_hebdo!$A$2:$A$64,"2026-S42",Social_hebdo!$F$2:$F$64,"<>")=0,"à relever",SUMIFS(Social_hebdo!$F$2:$F$64,Social_hebdo!$A$2:$A$64,"2026-S42")) | E28: =IF(ISNUMBER($D28),$D28*E16,"baseline à relever") | F28: =IF(ISNUMBER($D28),$D28*F16,"baseline à relever") | G28: =IF(ISNUMBER($D28),$D28*G16,"baseline à relever") | H28: =IF(ISNUMBER($D28),$D28*H16,"baseline à relever") | I28: hypothèse
A29: reach (tous canaux) | B29: social | C29: baseline hebdo (3 canaux) × multiple | D29: =IF(COUNTIFS(Social_hebdo!$A$2:$A$64,"2026-S42",Social_hebdo!$G$2:$G$64,"<>")=0,"à relever",SUMIFS(Social_hebdo!$G$2:$G$64,Social_hebdo!$A$2:$A$64,"2026-S42")) | E29: =IF(ISNUMBER($D29),$D29*E17,"baseline à relever") | F29: =IF(ISNUMBER($D29),$D29*F17,"baseline à relever") | G29: =IF(ISNUMBER($D29),$D29*G17,"baseline à relever") | H29: =IF(ISNUMBER($D29),$D29*H17,"baseline à relever") | I29: hypothèse
A30: engagements (tous canaux) | B30: social | C30: baseline hebdo (3 canaux) × multiple | D30: =IF(COUNTIFS(Social_hebdo!$A$2:$A$64,"2026-S42",Social_hebdo!$I$2:$I$64,"<>")=0,"à relever",SUMIFS(Social_hebdo!$I$2:$I$64,Social_hebdo!$A$2:$A$64,"2026-S42")) | E30: =IF(ISNUMBER($D30),$D30*E18,"baseline à relever") | F30: =IF(ISNUMBER($D30),$D30*F18,"baseline à relever") | G30: =IF(ISNUMBER($D30),$D30*G18,"baseline à relever") | H30: =IF(ISNUMBER($D30),$D30*H18,"baseline à relever") | I30: hypothèse

Sheet Definitions
A1: KPI | B1: Famille | C1: Définition | D1: Nature | E1: Source de mesure | F1: Fréquence | G1: Responsable du relevé
A2: publications | B2: social | C2: Nombre de publications publiées dans la semaine (post, carrousel, story) par canal. | D2: flux | E2: calendrier-editorial.xlsx (statut Publié) ; recoupement avec la page ou le compte. | F2: hebdo | G2: Tristan
A3: impressions | B3: social | C3: Nombre d'affichages d'une publication (libellé natif : noter celui utilisé et ne pas en changer en cours de route). | D3: flux | E3: Statistiques natives LinkedIn (page, publications des profils) et Instagram. | F3: hebdo | G3: Tristan
A4: reach | B4: social | C4: Personnes uniques atteintes, si la statistique native existe pour le format. Sinon laisser vide : ne jamais estimer. | D4: flux | E4: Statistiques natives LinkedIn et Instagram. | F4: hebdo | G4: Tristan
A5: abonnes | B5: social | C5: Nombre d'abonnés en fin de semaine. Profils fondateurs : somme des abonnés des trois profils. | D5: stock | E5: Pages et profils LinkedIn ; compte Instagram. | F5: hebdo | G5: Tristan
A6: engagements | B6: social | C6: Réactions + commentaires + partages (+ enregistrements sur Instagram). Les clics sont comptés à part. | D6: flux | E6: Statistiques natives. | F6: hebdo | G6: Tristan
A7: taux_engagement | B7: social | C7: engagements / impressions (formule dans Social_hebdo, vide si impressions absentes). | D7: calculé | E7: Formule Excel. | F7: hebdo | G7: Tristan
A8: clics | B8: social | C8: Clics sur le lien vers /pilote depuis une publication ou la bio Instagram. | D8: flux | E8: Statistiques natives (clics sur lien) ; lien Instagram en bio selon l'outil disponible. | F8: hebdo | G8: Tristan
A9: visites_pilote | B9: social | C9: Visites de https://syntheza.ovh/pilote portant un utm_source. LinkedIn : total page + profils saisi sur la ligne « LinkedIn page » (un seul utm_source=linkedin). | D9: flux | E9: Outil de mesure du site : non documenté dans Documentation/contexte, à confirmer (point ouvert). | F9: hebdo | G9: Raphaël
A10: comptes_cibles | B10: commercial | C10: Organisations qualifiées dans la liste P1 (trading, gestion d'actifs), sans donnée personnelle dans le dépôt public. | D10: stock | E10: Liste de prospection (hors dépôt public) et pipeline du back-office. | F10: hebdo | G10: Ilhan
A11: contactes | B11: commercial | C11: Comptes contactés pour la première fois dans la semaine ; un compte ne compte qu'une fois. | D11: flux | E11: Journal d'échanges et pipeline du back-office. | F11: hebdo | G11: Ilhan
A12: reponses | B12: commercial | C12: Comptes dont au moins une personne a répondu (réponse positive ou négative). | D12: flux | E12: Journal d'échanges. | F12: hebdo | G12: Ilhan
... A18: nps_pilote | B18: commercial | C18: Score NPS moyen des réponses reçues à J+7 et J+25 ; indiquer n dans la note. | D18: calculé | E18: Questionnaire NPS du back-office. | F18: hebdo | G18: Ilhan
